City_ID,City,Country,Date,Lat,Lng,Max Temp,Humidity,Cloudiness,Wind Speed
0,Faanui,PF,2021-07-20 22:14:23,-16.4833,-151.75,78.8,76,16,21.21
1,Punta Arenas,CL,2021-07-20 22:11:40,-53.15,-70.9167,35.71,87,0,4.61
2,Vaini,TO,2021-07-20 22:14:23,-21.2,-175.2,78.96,89,40,9.22
3,Ipixuna,BR,2021-07-20 22:14:24,-1.7625,-48.8043,75.15,93,74,5.03
4,Opunake,NZ,2021-07-20 22:14:24,-39.4556,173.8583,51.33,83,88,15.99
5,Marica,BR,2021-07-20 22:14:24,-22.9194,-42.8186,64.35,64,66,4.59
6,Busselton,AU,2021-07-20 22:14:25,-33.65,115.3333,52.09,93,100,11.7
7,Bredasdorp,ZA,2021-07-20 22:14:25,-34.5322,20.0403,41.29,87,24,8.81
8,Caravelas,BR,2021-07-20 22:14:25,-17.7125,-39.2481,71.01,68,100,11.7
9,Hithadhoo,MV,2021-07-20 22:14:25,-0.6,73.0833,81.01,78,94,9.46
10,Parabel,RU,2021-07-20 22:14:26,58.6978,81.4825,57.81,91,69,5.53
11,Thunder Bay,CA,2021-07-20 22:11:08,48.4001,-89.3168,74.98,40,29,7.29
12,Rikitea,PF,2021-07-20 22:14:26,-23.1203,-134.9692,71.33,65,100,25.43
13,Lorengau,PG,2021-07-20 22:14:27,-2.0226,147.2712,80.56,78,100,2.39
14,Saint Anthony,US,2021-07-20 22:14:27,45.0205,-93.218,89.92,54,1,1.99
15,Albany,US,2021-07-20 22:13:48,42.6001,-73.9662,84.27,76,41,8.19
16,Port Elizabeth,ZA,2021-07-20 22:14:28,-33.918,25.5701,52.11,80,100,15.28
17,Paamiut,GL,2021-07-20 22:14:28,61.994,-49.6678,42.42,96,100,9.1
18,Inirida,CO,2021-07-20 22:14:28,3.8653,-67.9239,77.65,94,45,2.04
19,Grand Gaube,MU,2021-07-20 22:14:29,-20.0064,57.6608,71.38,63,76,7.0
20,Cochrane,CA,2021-07-20 22:14:29,51.1834,-114.4687,86.92,27,28,5.5
21,Nioro,GM,2021-07-20 22:14:29,13.35,-15.75,81.93,81,100,9.48
22,Barrow,US,2021-07-20 22:14:30,71.2906,-156.7887,39.22,93,90,24.16
23,Provideniya,RU,2021-07-20 22:14:30,64.3833,-173.3,51.91,71,90,6.71
24,Majene,ID,2021-07-20 22:14:30,-3.5403,118.9707,76.93,89,83,8.5
25,Sinnamary,GF,2021-07-20 22:14:31,5.3833,-52.95,78.3,85,50,4.83
26,Jamestown,US,2021-07-20 22:12:15,42.097,-79.2353,82.09,63,1,5.01
27,Cherskiy,RU,2021-07-20 22:14:32,68.75,161.3,62.56,41,100,5.55
28,Cape Town,ZA,2021-07-20 22:12:35,-33.9258,18.4232,48.88,88,78,1.99
29,Puerto Ayora,EC,2021-07-20 22:14:33,-0.7393,-90.3518,73.54,92,90,7.0
30,Gamba,GA,2021-07-20 22:14:33,-2.65,10.0,71.89,86,18,6.58
31,Mataura,NZ,2021-07-20 22:13:23,-46.1927,168.8643,42.48,84,95,3.18
32,Kavieng,PG,2021-07-20 22:14:33,-2.5744,150.7967,81.72,75,100,5.17
33,Montbrison,FR,2021-07-20 22:14:34,45.6667,4.0833,71.46,87,0,4.21
34,Sitka,US,2021-07-20 22:14:34,57.0531,-135.33,60.69,72,20,6.91
35,Nikolskoye,RU,2021-07-20 22:14:35,59.7035,30.7861,59.02,96,90,5.7
36,Zhigansk,RU,2021-07-20 22:14:35,66.7697,123.3711,57.42,70,100,13.69
37,Kamennomostskiy,RU,2021-07-20 22:14:35,44.2983,40.1856,73.9,54,0,5.28
38,Hay River,CA,2021-07-20 22:14:36,60.8156,-115.7999,63.88,62,41,8.19
39,Petropavlovsk-Kamchatskiy,RU,2021-07-20 22:14:36,53.0452,158.6483,64.99,77,0,2.24
40,Souillac,MU,2021-07-20 22:14:36,-20.5167,57.5167,71.37,64,78,20.76
41,Yellowknife,CA,2021-07-20 22:12:39,62.456,-114.3525,69.57,52,75,5.99
42,Aloleng,PH,2021-07-20 22:14:37,16.1307,119.7824,78.98,90,100,10.09
43,Muzhi,RU,2021-07-20 22:14:37,65.3667,64.6667,52.43,75,64,6.58
44,Hermanus,ZA,2021-07-20 22:14:37,-34.4187,19.2345,46.9,66,29,11.05
45,Atuona,PF,2021-07-20 22:13:21,-9.8,-139.0333,77.43,76,38,25.61
46,Saint-Philippe,RE,2021-07-20 22:14:38,-21.3585,55.7679,69.39,81,60,15.28
47,Aklavik,CA,2021-07-20 22:14:39,68.2191,-135.0107,83.21,30,9,13.53
48,Sao Filipe,CV,2021-07-20 22:14:39,14.8961,-24.4956,73.99,84,42,3.65
49,Tezu,IN,2021-07-20 22:14:39,27.9167,96.1667,76.39,96,100,3.27
50,Tuktoyaktuk,CA,2021-07-20 22:14:40,69.4541,-133.0374,67.39,47,8,16.42
51,Ushuaia,AR,2021-07-20 22:13:52,-54.8,-68.3,33.46,64,75,12.66
52,Buala,SB,2021-07-20 22:14:40,-8.145,159.5921,81.1,81,100,6.89
53,Guerrero Negro,MX,2021-07-20 22:14:40,27.9769,-114.0611,78.17,59,27,20.31
54,Namibe,AO,2021-07-20 22:14:41,-15.1961,12.1522,64.36,86,14,0.6
55,Cabo San Lucas,MX,2021-07-20 22:10:52,22.8909,-109.9124,100.51,38,1,11.5
56,Dikson,RU,2021-07-20 22:14:41,73.5069,80.5464,44.83,69,100,13.02
57,Bengkulu,ID,2021-07-20 22:14:42,-3.8004,102.2655,74.68,89,57,3.65
58,Castro,BR,2021-07-20 22:14:42,-24.7911,-50.0119,45.7,65,94,2.44
59,Ailigandi,PA,2021-07-20 22:14:42,9.2333,-78.0167,84.18,78,12,9.46
60,Menomonie,US,2021-07-20 22:14:43,44.8755,-91.9193,87.85,57,1,4.61
61,Arraial Do Cabo,BR,2021-07-20 22:13:14,-22.9661,-42.0278,66.61,64,75,12.84
62,Pemba,MZ,2021-07-20 22:14:43,-12.974,40.5178,73.54,84,7,14.18
63,Faya,SA,2021-07-20 22:14:43,18.3851,42.4509,61.32,81,99,7.4
64,Chuy,UY,2021-07-20 22:14:44,-33.6971,-53.4616,47.3,80,8,7.92
65,Nanortalik,GL,2021-07-20 22:14:44,60.1432,-45.2371,48.15,88,100,14.61
66,Barma,SL,2021-07-20 22:14:44,8.35,-11.3333,71.53,99,89,2.26
67,Carnarvon,AU,2021-07-20 22:14:45,-24.8667,113.6333,69.51,79,57,13.44
68,Ancud,CL,2021-07-20 22:14:45,-41.8697,-73.8203,53.13,94,98,4.0
69,Hailar,CN,2021-07-20 22:14:45,49.2,119.7,70.74,82,50,3.18
70,Ambanja,MG,2021-07-20 22:14:46,-13.6833,48.45,69.22,86,23,3.22
71,Alanya,TR,2021-07-20 22:14:46,36.5438,31.9998,77.13,65,0,6.26
72,Ponta Do Sol,PT,2021-07-20 22:14:47,32.6667,-17.1,72.72,81,0,3.62
73,Hobart,AU,2021-07-20 22:14:47,-42.8794,147.3294,46.22,78,20,3.0
74,Ostrovnoy,RU,2021-07-20 22:14:47,68.0531,39.5131,46.11,88,95,6.53
75,Husavik,IS,2021-07-20 22:14:48,66.0449,-17.3389,56.93,83,8,4.97
76,Nsanje,MW,2021-07-20 22:14:48,-16.92,35.262,65.86,73,1,2.98
77,New Norfolk,AU,2021-07-20 22:14:48,-42.7826,147.0587,45.88,78,76,3.06
78,Peruibe,BR,2021-07-20 22:14:48,-24.32,-46.9983,56.21,80,100,2.26
79,San Quintin,MX,2021-07-20 22:14:49,30.4833,-115.95,77.36,63,15,14.25
80,Djibo,BF,2021-07-20 22:14:49,14.1022,-1.6306,91.65,43,6,6.26
81,Magistralnyy,RU,2021-07-20 22:14:49,56.1725,107.4458,59.83,73,79,2.82
82,Saskylakh,RU,2021-07-20 22:14:50,71.9167,114.0833,52.41,93,100,5.55
83,Katsuura,JP,2021-07-20 22:14:50,35.1333,140.3,84.11,77,79,2.95
84,Port Alfred,ZA,2021-07-20 22:14:50,-33.5906,26.891,54.19,87,100,21.79
85,Hilo,US,2021-07-20 22:14:51,19.7297,-155.09,83.28,78,90,0.0
86,Tiznit,MA,2021-07-20 22:14:51,29.5833,-9.5,74.05,52,0,2.64
87,Tinskoy,RU,2021-07-20 22:14:51,56.1525,96.9161,57.31,95,65,0.65
88,Inhambane,MZ,2021-07-20 22:14:52,-23.865,35.3833,68.31,84,14,5.61
89,Coahuayana,MX,2021-07-20 22:14:52,18.7333,-103.6833,92.68,58,56,6.24
90,Sovkhoznyy,RU,2021-07-20 22:14:52,45.2946,38.1138,80.26,69,10,3.36
91,Alofi,NU,2021-07-20 22:14:53,-19.0595,-169.9187,78.69,73,40,12.66
92,Nacala,MZ,2021-07-20 22:14:53,-14.5428,40.6728,69.28,90,6,6.69
93,Kysyl-Syr,RU,2021-07-20 22:14:53,63.8986,122.7617,58.12,95,100,6.29
94,Labuhan,ID,2021-07-20 22:14:54,-6.8844,112.2051,75.31,87,69,8.55
95,Longyearbyen,SJ,2021-07-20 22:14:54,78.2186,15.6401,39.04,81,75,3.44
96,Karaton,ID,2021-07-20 22:14:54,-6.3424,106.1045,79.95,95,36,2.53
97,Kapaa,US,2021-07-20 22:14:55,22.0752,-159.319,84.18,75,40,3.0
98,Bluff,NZ,2021-07-20 22:14:55,-46.6,168.3333,42.8,76,100,11.7
99,Hirara,JP,2021-07-20 22:14:55,24.8,125.2833,79.07,100,75,24.16
100,Victoria,HK,2021-07-20 22:11:18,22.2855,114.1577,80.58,95,100,10.0
101,Kommunisticheskiy,RU,2021-07-20 22:14:56,61.6789,64.4819,64.2,81,97,4.0
102,Te Anau,NZ,2021-07-20 22:14:56,-45.4167,167.7167,43.72,91,100,2.28
103,Butaritari,KI,2021-07-20 22:14:57,3.0707,172.7902,82.47,74,85,6.31
104,Magnitogorsk,RU,2021-07-20 22:10:24,53.4186,59.0472,68.83,52,40,8.95
105,Camacha,PT,2021-07-20 22:14:57,33.0833,-16.3333,68.76,83,40,10.36
106,Villablino,ES,2021-07-20 22:14:57,42.9393,-6.3194,68.99,87,50,2.04
107,Ayacucho,PE,2021-07-20 22:14:58,-13.1583,-74.2239,62.38,54,79,7.09
108,Okato,NZ,2021-07-20 22:14:58,-39.2,173.8833,50.41,89,98,17.09
109,Kapiri Mposhi,ZM,2021-07-20 22:14:58,-13.9652,28.6809,54.77,57,1,5.08
110,Plettenberg Bay,ZA,2021-07-20 22:14:59,-34.0527,23.3716,50.97,75,92,15.3
111,Telesti,RO,2021-07-20 22:14:59,45.0,23.0833,64.56,73,5,5.23
112,Bonfim,BR,2021-07-20 22:14:59,3.0833,-59.95,79.54,81,93,3.53
113,Aksarka,RU,2021-07-20 22:15:00,66.5606,67.7975,51.78,92,77,8.81
114,Rongcheng,CN,2021-07-20 22:15:00,30.634,117.8517,76.89,92,99,3.38
115,Iqaluit,CA,2021-07-20 22:15:00,63.7506,-68.5145,41.7,86,100,11.99
116,Mar Del Plata,AR,2021-07-20 22:13:42,-38.0023,-57.5575,54.12,59,33,1.99
117,Bathsheba,BB,2021-07-20 22:15:01,13.2167,-59.5167,83.01,78,40,18.41
118,Nelson Bay,AU,2021-07-20 22:15:01,-32.7167,152.15,54.0,61,100,4.0
119,Airai,TL,2021-07-20 22:15:02,-8.9266,125.4092,55.13,89,37,3.87
120,Avarua,CK,2021-07-20 22:15:02,-21.2078,-159.775,78.85,83,75,19.57
121,Touros,BR,2021-07-20 22:15:03,-5.1989,-35.4608,77.9,75,7,14.76
122,Paita,PE,2021-07-20 22:15:03,-5.0892,-81.1144,68.92,76,6,13.65
123,Novoilinsk,RU,2021-07-20 22:15:04,51.6829,108.7143,61.59,75,100,1.5
124,Fairbanks,US,2021-07-20 22:10:32,64.8378,-147.7164,86.02,36,1,1.01
125,Price,US,2021-07-20 22:15:04,39.5994,-110.8107,91.06,62,98,10.25
126,Nanchang,CN,2021-07-20 22:15:05,28.6833,115.8833,79.18,89,100,4.09
127,Carutapera,BR,2021-07-20 22:15:05,-1.195,-46.02,75.83,93,4,6.08
128,Hasaki,JP,2021-07-20 22:15:05,35.7333,140.8333,77.4,79,88,5.23
129,Vardo,NO,2021-07-20 22:15:06,70.3705,31.1107,44.8,92,92,14.0
130,Gorin,RU,2021-07-20 22:15:06,51.1983,136.6669,74.84,72,100,4.61
131,Mount Gambier,AU,2021-07-20 22:15:07,-37.8333,140.7667,47.07,82,100,5.41
132,Wajir,KE,2021-07-20 22:15:07,1.7471,40.0573,76.66,57,75,19.89
133,Viedma,AR,2021-07-20 22:15:07,-40.8135,-62.9967,51.73,63,14,6.73
134,Coos Bay,US,2021-07-20 22:13:49,43.3665,-124.2179,87.85,63,1,18.41
135,Isangel,VU,2021-07-20 22:15:08,-19.55,169.2667,78.42,79,9,5.1
136,Pedernales,DO,2021-07-20 22:15:08,18.0384,-71.744,88.25,56,7,17.0
137,Cayenne,GF,2021-07-20 22:13:25,4.9333,-52.3333,82.44,80,0,4.0
138,Upernavik,GL,2021-07-20 22:15:09,72.7868,-56.1549,41.13,87,100,5.99
139,Pevek,RU,2021-07-20 22:12:16,69.7008,170.3133,41.49,76,100,2.44
140,Lebu,CL,2021-07-20 22:15:09,-37.6167,-73.65,53.17,94,100,10.02
141,Coquimbo,CL,2021-07-20 22:10:27,-29.9533,-71.3436,55.87,78,9,1.28
142,Bad Nauheim,DE,2021-07-20 22:15:10,50.3646,8.7386,65.53,79,0,5.1
143,Gat,IL,2021-07-20 22:15:10,31.61,34.7642,79.81,72,1,5.95
144,Ribeira Grande,PT,2021-07-20 22:15:11,38.5167,-28.7,69.06,87,17,15.88
145,Constitucion,CL,2021-07-20 22:13:20,-35.3333,-72.4167,56.89,80,69,10.09
146,Batagay-Alyta,RU,2021-07-20 22:15:11,67.8006,130.4114,56.82,70,100,2.59
147,Lagoa,PT,2021-07-20 22:15:12,39.05,-27.9833,68.11,87,1,18.05
148,Wawa,NG,2021-07-20 22:15:12,9.9022,4.4192,78.35,76,97,5.08
149,Atasu,KZ,2021-07-20 22:14:05,48.6814,71.6433,63.36,75,86,11.52
150,Luderitz,NA,2021-07-20 22:15:12,-26.6481,15.1594,53.58,63,0,22.35
151,Bluefield,US,2021-07-20 22:15:13,37.2698,-81.2223,80.62,60,1,1.99
152,Yulara,AU,2021-07-20 22:15:13,-25.2406,130.9889,48.04,61,5,5.75
153,Sao Joao Da Barra,BR,2021-07-20 22:15:13,-21.6403,-41.0511,65.3,65,87,11.3
154,Salamiyah,SY,2021-07-20 22:10:14,35.0113,37.0532,73.83,65,0,15.99
155,Beloha,MG,2021-07-20 22:15:14,-25.1667,45.05,69.33,64,8,6.35
156,Lavrentiya,RU,2021-07-20 22:15:14,65.5833,-171.0,44.65,88,100,10.29
157,Uyskoye,RU,2021-07-20 22:15:15,54.3775,60.0047,63.75,66,5,6.46
158,Kruisfontein,ZA,2021-07-20 22:15:15,-34.0033,24.7314,49.89,78,100,15.68
159,Saint-Pierre,RE,2021-07-20 22:15:15,-21.3393,55.4781,69.44,69,0,14.97
160,Zhuhai,CN,2021-07-20 22:15:16,22.2769,113.5678,80.31,94,40,13.8
161,Quelimane,MZ,2021-07-20 22:15:16,-17.8786,36.8883,67.95,88,75,0.0
162,Jiuquan,CN,2021-07-20 22:15:16,39.7432,98.5174,67.57,55,100,4.45
163,Oranjemund,NA,2021-07-20 22:15:16,-28.55,16.4333,51.22,72,0,11.45
164,Paracuru,BR,2021-07-20 22:15:17,-3.41,-39.0306,80.62,78,9,13.09
165,Norman Wells,CA,2021-07-20 22:15:17,65.282,-126.8329,80.64,39,20,18.41
166,Zempoala,MX,2021-07-20 22:15:17,19.45,-96.4167,87.91,63,20,8.39
167,Talnakh,RU,2021-07-20 22:15:18,69.4865,88.3972,51.26,77,0,3.69
168,East London,ZA,2021-07-20 22:14:20,-33.0153,27.9116,57.33,75,100,23.11
169,Chokurdakh,RU,2021-07-20 22:15:18,70.6333,147.9167,52.72,81,92,13.0
170,Mahebourg,MU,2021-07-20 22:15:19,-20.4081,57.7,71.26,64,75,17.27
171,Lasa,IT,2021-07-20 22:15:19,46.6166,10.7002,68.88,74,1,3.71
172,Qaanaaq,GL,2021-07-20 22:15:19,77.484,-69.3632,40.28,74,97,4.21
173,Codrington,AU,2021-07-20 22:15:20,-38.2667,141.9667,49.57,77,100,9.6
174,Kalinino,RU,2021-07-20 22:15:20,59.6167,42.25,55.42,74,37,4.72
175,Bonthe,SL,2021-07-20 22:15:20,7.5264,-12.505,77.16,84,100,11.41
176,Vajszlo,HU,2021-07-20 22:15:21,45.8596,17.9841,67.08,67,0,6.49
177,Samokov,BG,2021-07-20 22:15:21,42.3333,23.55,63.1,91,13,4.52
178,Severo-Yeniseyskiy,RU,2021-07-20 22:15:21,60.3725,93.0408,54.57,70,100,3.2
179,Teknaf,BD,2021-07-20 22:15:22,20.8624,92.3058,78.53,90,91,4.79
180,Graham,US,2021-07-20 22:14:20,47.0529,-122.2943,74.98,52,20,0.0
181,Orlik,RU,2021-07-20 22:15:22,52.5178,99.825,53.65,93,100,0.6
182,Saldanha,ZA,2021-07-20 22:15:23,-33.0117,17.9442,53.98,55,28,9.71
183,Cururupu,BR,2021-07-20 22:15:23,-1.8283,-44.8683,75.49,90,20,2.8
184,Tazovskiy,RU,2021-07-20 22:15:23,67.4667,78.7,50.25,79,5,9.22
185,Bandarbeyla,SO,2021-07-20 22:15:23,9.4942,50.8122,76.05,82,60,30.04
186,Torbay,CA,2021-07-20 22:15:24,47.6666,-52.7314,71.76,95,90,12.66
187,Lensk,RU,2021-07-20 22:15:24,60.7253,114.9278,60.42,86,89,2.82
188,Natal,BR,2021-07-20 22:15:25,-5.795,-35.2094,77.65,83,20,6.91
189,Houma,US,2021-07-20 22:15:25,29.5958,-90.7195,86.0,88,40,0.0
190,Bonavista,CA,2021-07-20 22:15:25,48.6499,-53.1147,66.2,99,100,12.12
191,La Ronge,CA,2021-07-20 22:15:26,55.1001,-105.2842,70.02,60,90,4.61
192,Santa Maria,BR,2021-07-20 22:15:26,-29.6842,-53.8069,50.05,67,91,0.96
193,Ilulissat,GL,2021-07-20 22:15:26,69.2167,-51.1,53.62,47,69,10.36
194,Igrim,RU,2021-07-20 22:15:27,63.1906,64.4162,60.44,87,100,0.78
195,Nome,US,2021-07-20 22:15:27,64.5011,-165.4064,51.17,93,90,13.8
196,Eureka,US,2021-07-20 22:10:41,40.8021,-124.1637,80.67,77,59,1.99
197,Tarata,BO,2021-07-20 22:15:27,-17.6167,-66.0167,69.22,44,100,7.23
198,Hualmay,PE,2021-07-20 22:15:28,-11.0964,-77.6139,65.32,75,21,6.89
199,Hobyo,SO,2021-07-20 22:15:28,5.3505,48.5268,76.26,83,9,23.31
200,Baherden,TM,2021-07-20 22:15:28,38.4362,57.4316,91.54,17,0,9.93
201,Weligama,LK,2021-07-20 22:15:29,5.9667,80.4167,79.99,83,100,14.9
202,Trairi,BR,2021-07-20 22:11:59,-3.2778,-39.2689,79.21,79,9,11.52
203,Hailin,CN,2021-07-20 22:15:29,44.5833,129.4167,73.36,91,82,2.19
204,Olafsvik,IS,2021-07-20 22:15:30,64.8945,-23.7142,52.05,95,96,15.46
205,Balikpapan,ID,2021-07-20 22:15:30,-1.2675,116.8289,76.19,94,40,3.44
206,Geraldton,AU,2021-07-20 22:15:30,-28.7667,114.6,65.12,77,75,16.11
207,Antofagasta,CL,2021-07-20 22:15:31,-23.65,-70.4,65.21,62,7,4.29
208,Mehamn,NO,2021-07-20 22:15:31,71.0357,27.8492,42.71,95,98,15.14
209,Port Macquarie,AU,2021-07-20 22:15:31,-31.4333,152.9167,53.56,87,40,6.91
210,Tiksi,RU,2021-07-20 22:15:32,71.6872,128.8694,45.68,75,30,3.04
211,Saint-Francois,FR,2021-07-20 22:15:32,46.4154,3.9054,62.42,82,0,1.14
212,Margate,GB,2021-07-20 22:15:32,51.3813,1.3862,66.96,81,32,1.01
213,Kirillov,RU,2021-07-20 22:15:33,59.863,38.3813,48.13,74,6,4.65
214,Anadyr,RU,2021-07-20 22:15:33,64.75,177.4833,48.7,76,75,5.99
215,Padre Bernardo,BR,2021-07-20 22:15:33,-15.35,-48.5,73.29,29,1,5.84
216,Tasiilaq,GL,2021-07-20 22:15:34,65.6145,-37.6368,42.96,95,95,4.45
217,Hamilton,US,2021-07-20 22:13:24,39.1834,-84.5333,87.01,60,75,0.0
218,Ankazoabo,MG,2021-07-20 22:15:34,-22.2833,44.5167,65.1,71,24,3.85
219,Chipinge,ZW,2021-07-20 22:15:34,-20.1883,32.6236,52.92,69,2,3.74
220,Kargala,RU,2021-07-20 22:15:35,56.6208,83.9607,53.94,89,80,1.7
221,Naze,JP,2021-07-20 22:15:35,28.3667,129.4833,77.92,91,100,33.06
222,Pueblo,US,2021-07-20 22:12:16,38.2545,-104.6091,95.76,23,1,14.97
223,Axim,GH,2021-07-20 22:15:36,4.8699,-2.2405,75.51,81,1,8.1
224,Klaksvik,FO,2021-07-20 22:15:36,62.2266,-6.589,50.92,91,60,6.13
225,Esperance,AU,2021-07-20 22:15:36,-33.8667,121.9,55.74,90,100,17.2
226,Bethel,US,2021-07-20 22:15:37,41.3712,-73.414,86.09,71,1,1.01
227,Georgetown,MY,2021-07-20 22:15:37,5.4112,100.3354,80.89,85,20,1.01
228,Mabaruma,GY,2021-07-20 22:15:37,8.2,-59.7833,75.02,96,100,4.94
229,Port Shepstone,ZA,2021-07-20 22:15:38,-30.7414,30.455,62.33,43,100,7.09
230,Santa Rosa,PH,2021-07-20 22:15:38,14.3122,121.1114,79.11,91,100,9.55
231,Kodiak,US,2021-07-20 22:15:38,57.79,-152.4072,60.31,72,90,6.91
232,Port Lincoln,AU,2021-07-20 22:15:39,-34.7333,135.8667,51.13,59,100,2.21
233,Ayan,RU,2021-07-20 22:15:39,56.45,138.1667,60.87,82,100,2.06
234,Zhaotong,CN,2021-07-20 22:15:39,27.3167,103.7167,59.43,91,42,1.7
235,Alice Springs,AU,2021-07-20 22:15:40,-23.7,133.8833,42.35,65,0,0.0
236,Wewak,PG,2021-07-20 22:15:40,-3.5534,143.6268,78.24,87,98,4.76
237,Nantucket,US,2021-07-20 22:15:40,41.2835,-70.0995,82.96,83,1,9.22
238,Severo-Kurilsk,RU,2021-07-20 22:15:41,50.6789,156.125,53.53,89,28,3.89
239,Takoradi,GH,2021-07-20 22:15:41,4.8845,-1.7554,75.25,83,11,8.34
240,Yen Bai,VN,2021-07-20 22:15:41,21.7,104.8667,77.18,94,100,3.02
241,Broome,US,2021-07-20 22:15:42,42.2506,-75.833,83.7,65,1,1.01
242,Bom Jardim,BR,2021-07-20 22:15:42,-7.7958,-35.5872,73.74,86,92,6.31
243,Shumikha,RU,2021-07-20 22:15:42,55.2261,63.2961,62.71,73,13,9.08
244,Liverpool,GB,2021-07-20 22:12:45,53.4106,-2.9779,70.68,81,0,4.61
245,Padang,ID,2021-07-20 22:15:43,-0.9492,100.3543,73.45,83,100,2.98
246,Ushtobe,KZ,2021-07-20 22:15:43,45.2514,77.9838,74.88,29,1,4.81
247,Thompson,CA,2021-07-20 22:13:13,55.7435,-97.8558,81.75,29,21,5.17
248,Oussouye,SN,2021-07-20 22:15:43,12.485,-16.5469,86.18,81,100,5.53
249,Synya,RU,2021-07-20 22:15:44,65.3718,58.0387,51.58,73,95,4.29
250,La Palma,US,2021-07-20 22:11:20,33.8464,-118.0467,109.81,46,1,7.0
251,Tadine,NC,2021-07-20 22:15:44,-21.55,167.8833,74.52,78,0,4.23
252,Great Falls,US,2021-07-20 22:14:05,47.5002,-111.3008,92.59,27,1,1.99
253,Saint George,US,2021-07-20 22:15:06,37.1041,-113.5841,101.79,28,1,8.01
254,Alice,US,2021-07-20 22:15:45,27.7523,-98.0697,92.5,60,20,8.05
255,College,US,2021-07-20 22:15:45,64.8569,-147.8028,85.59,37,40,0.0
256,Babakan,ID,2021-07-20 22:15:45,-7.282,107.2224,73.78,93,54,2.1
257,Arlit,NE,2021-07-20 22:15:46,18.7369,7.3853,95.02,26,88,7.2
258,Ichinohe,JP,2021-07-20 22:15:46,40.2069,141.3017,79.38,73,72,0.89
259,Beringovskiy,RU,2021-07-20 22:13:23,63.05,179.3167,44.92,87,100,11.81
260,Kamyshevatskaya,RU,2021-07-20 22:15:47,46.4132,37.9563,81.86,69,38,4.83
261,Megyaszo,HU,2021-07-20 22:15:47,48.1833,21.05,66.97,88,48,5.86
262,Salalah,OM,2021-07-20 22:15:47,17.0151,54.0924,78.89,89,75,8.05
263,Porto Santo,PT,2021-07-20 22:15:48,33.072,-16.3415,71.51,83,40,11.5
264,Marrakesh,MA,2021-07-20 22:15:48,31.6315,-8.0083,82.47,36,0,8.05
265,Chapais,CA,2021-07-20 22:15:49,49.7834,-74.8492,65.98,35,78,9.31
266,Salima,MW,2021-07-20 22:15:49,-13.7804,34.4587,64.11,60,0,2.57
267,Malanje,AO,2021-07-20 22:15:49,-9.5402,16.341,67.41,29,0,2.3
268,Saint-Augustin,CA,2021-07-20 22:15:50,51.226,-58.6502,62.06,78,87,13.24
269,Nakamura,JP,2021-07-20 22:15:50,32.9833,132.9333,75.49,92,97,7.65
270,Asilah,MA,2021-07-20 22:15:50,35.465,-6.0348,69.66,87,2,5.84
271,Zlobin,HR,2021-07-20 22:15:51,45.2924,14.6541,62.42,73,0,3.44
272,Bukama,CD,2021-07-20 22:15:51,-9.2,25.85,70.14,38,0,2.39
273,Kandrian,PG,2021-07-20 22:15:51,-6.2167,149.55,78.19,89,97,5.17
274,Kushmurun,KZ,2021-07-20 22:15:52,52.4503,64.6311,66.16,68,48,2.15
275,Aranos,NA,2021-07-20 22:15:52,-24.1333,19.1167,48.78,55,96,10.96
276,Asau,RO,2021-07-20 22:15:52,46.4333,26.4,65.95,93,68,3.62
277,Iskateley,RU,2021-07-20 22:15:53,67.6803,53.1512,55.85,77,98,7.14
278,Leh,IN,2021-07-20 22:15:53,34.1667,77.5833,58.01,64,22,4.0
279,Emerald,AU,2021-07-20 22:15:53,-23.5333,148.1667,52.34,60,0,10.78
280,Dekar,BW,2021-07-20 22:15:54,-21.5333,21.9333,51.44,31,0,7.14
281,Kloulklubed,PW,2021-07-20 22:15:54,7.0419,134.2556,83.68,74,75,8.37
282,Malitbog,PH,2021-07-20 22:15:54,8.5339,124.8831,75.15,79,80,3.04
283,Lanigan,CA,2021-07-20 22:15:55,51.8501,-105.0344,78.69,40,55,11.1
284,Kaitangata,NZ,2021-07-20 22:15:55,-46.2817,169.8464,43.93,79,84,5.01
285,Milkovo,RU,2021-07-20 22:15:55,54.7167,158.6167,67.26,69,94,3.74
286,Otradnoye,RU,2021-07-20 22:15:56,59.7775,30.8181,59.18,95,87,5.77
287,Berlevag,NO,2021-07-20 22:15:56,70.8578,29.0864,42.75,87,75,16.11
288,Ialibu,PG,2021-07-20 22:15:56,-6.2821,143.9935,57.63,97,94,0.67
289,Ferrol,ES,2021-07-20 22:15:57,43.4832,-8.2369,66.45,88,55,3.31
290,Tucuman,AR,2021-07-20 22:15:57,-26.8241,-65.2226,62.6,48,0,3.44
291,Vestmannaeyjar,IS,2021-07-20 22:15:57,63.4427,-20.2734,52.68,93,67,12.28
292,Flinders,AU,2021-07-20 22:15:58,-34.5833,150.8552,51.19,58,94,4.0
293,Baturaja,ID,2021-07-20 22:15:58,-4.1333,104.1667,73.27,96,97,2.04
294,Khatanga,RU,2021-07-20 22:15:59,71.9667,102.5,56.48,79,100,6.98
295,Erdaojiang,CN,2021-07-20 22:15:59,41.7764,126.0319,69.85,94,56,1.77
296,Homer,US,2021-07-20 22:15:59,59.6425,-151.5483,60.08,87,90,4.61
297,Durazno,UY,2021-07-20 22:14:28,-33.4131,-56.5006,45.32,77,0,8.19
298,Trincomalee,LK,2021-07-20 22:16:00,8.5711,81.2335,81.14,78,100,22.59
299,Preetz,DE,2021-07-20 22:16:00,54.2333,10.2833,64.24,88,90,8.05
300,Port Hardy,CA,2021-07-20 22:16:00,50.6996,-127.4199,64.58,68,75,5.75
301,Grindavik,IS,2021-07-20 22:16:01,63.8424,-22.4338,51.75,100,90,14.97
302,Klamath Falls,US,2021-07-20 22:14:18,42.2249,-121.7817,91.87,21,1,4.0
303,Karratha,AU,2021-07-20 22:16:01,-20.7377,116.8463,68.31,78,43,7.99
304,Mbanza-Ngungu,CD,2021-07-20 22:16:02,-5.25,14.8667,71.38,52,0,8.12
305,Acarau,BR,2021-07-20 22:16:02,-2.8856,-40.12,79.68,81,5,18.07
306,Syracuse,IT,2021-07-20 22:16:02,37.0881,15.2792,77.9,68,7,2.37
307,Agirish,RU,2021-07-20 22:12:10,61.9247,63.0231,62.28,94,100,6.2
308,Acari,PE,2021-07-20 22:16:03,-15.4311,-74.6158,72.48,56,0,5.12
309,Gasa,PS,2021-07-20 22:16:03,31.5,34.4667,80.91,69,2,7.49
310,Kampot,KH,2021-07-20 22:16:04,10.6167,104.1833,78.85,85,82,7.54
311,Narsaq,GL,2021-07-20 22:13:17,60.9167,-46.05,46.62,93,100,3.09
312,Necochea,AR,2021-07-20 22:16:04,-38.5473,-58.7368,46.04,74,45,9.22
313,Chiang Rai,TH,2021-07-20 22:16:04,19.9167,99.9167,75.18,100,75,4.61
314,Palmer,US,2021-07-20 22:16:05,42.1584,-72.3287,86.07,66,75,3.0
315,Soyo,AO,2021-07-20 22:16:05,-6.1349,12.3689,71.6,84,10,8.59
316,Oda,JP,2021-07-20 22:16:06,35.1833,132.5,75.97,78,100,4.36
317,Alvaraes,BR,2021-07-20 22:16:06,-3.2208,-64.8042,80.47,72,74,2.17
318,Marystown,CA,2021-07-20 22:16:06,47.1666,-55.1483,63.75,99,100,8.95
319,Kahului,US,2021-07-20 22:16:07,20.8947,-156.47,84.94,72,40,24.16
320,Gazojak,TM,2021-07-20 22:16:07,41.1875,61.4036,89.04,16,57,6.06
321,Sovetskiy,RU,2021-07-20 22:16:07,61.3614,63.5842,64.47,86,100,4.99
322,Muli,MV,2021-07-20 22:16:08,2.9167,73.5667,81.7,76,78,9.95
323,Szentlorinckata,HU,2021-07-20 22:16:08,47.5195,19.7529,65.75,94,11,3.91
324,Wabana,CA,2021-07-20 22:15:07,47.6332,-52.9481,72.18,93,90,4.0
325,Aasiaat,GL,2021-07-20 22:16:08,68.7098,-52.8699,37.94,93,99,8.3
326,Sakaiminato,JP,2021-07-20 22:16:09,35.55,133.2333,78.78,89,75,3.44
327,Bambous Virieux,MU,2021-07-20 22:16:09,-20.3428,57.7575,71.22,64,75,17.27
328,Shimoda,JP,2021-07-20 22:16:09,34.6667,138.95,83.1,76,13,2.95
329,Lompoc,US,2021-07-20 22:14:44,34.6391,-120.4579,91.02,73,1,11.5
330,Mount Isa,AU,2021-07-20 22:16:10,-20.7333,139.5,49.77,57,51,0.0
331,Naantali,FI,2021-07-20 22:16:10,60.4674,22.0243,61.11,76,0,5.75
332,San Jeronimo,PE,2021-07-20 22:16:11,-11.9472,-75.2829,57.24,54,59,8.12
333,Moerai,PF,2021-07-20 22:16:11,-22.4333,-151.3333,75.63,73,4,17.09
334,Chanthaburi,TH,2021-07-20 22:16:11,12.8333,102.1667,68.61,98,100,2.33
335,Kudahuvadhoo,MV,2021-07-20 22:16:12,2.6708,72.8944,81.77,76,44,10.54
336,Boyolangu,ID,2021-07-20 22:16:12,-8.1181,111.8935,73.49,93,68,3.49
337,Tutoia,BR,2021-07-20 22:16:12,-2.7619,-42.2744,78.1,89,56,10.63
338,Forrest City,US,2021-07-20 22:16:13,35.0081,-90.7898,87.66,73,33,13.09
339,Tessalit,ML,2021-07-20 22:16:13,20.1986,1.0114,95.94,25,85,11.41
340,Teguldet,RU,2021-07-20 22:16:14,57.3064,88.1667,56.53,84,40,1.39
341,Asosa,ET,2021-07-20 22:16:14,10.0667,34.5333,58.46,96,98,2.86
342,Morgantown,US,2021-07-20 22:16:12,39.6295,-79.9559,83.62,60,20,0.0
343,Quatre Cocos,MU,2021-07-20 22:16:15,-20.2078,57.7625,71.1,62,96,21.3
344,Fall River,US,2021-07-20 22:16:16,41.7015,-71.1551,86.68,77,1,1.01
345,Havre-Saint-Pierre,CA,2021-07-20 22:16:16,50.2334,-63.5986,64.76,68,1,14.97
346,Teguise,ES,2021-07-20 22:16:16,29.0605,-13.564,66.42,78,20,20.71
347,Grenaa,DK,2021-07-20 22:16:17,56.4158,10.8783,61.02,82,90,14.9
348,Bojnurd,IR,2021-07-20 22:16:17,37.4747,57.329,66.15,42,0,4.61
349,Dong Hoi,VN,2021-07-20 22:16:17,17.4833,106.6,81.1,75,99,11.23
350,Nanakuli,US,2021-07-20 22:16:18,21.3906,-158.1547,84.11,65,75,11.5
351,Vostok,RU,2021-07-20 22:16:18,46.4856,135.8833,73.71,80,94,1.72
352,Halifax,CA,2021-07-20 22:13:38,44.6453,-63.5724,78.42,82,39,3.0
353,Sao Cristovao,BR,2021-07-20 22:16:18,-11.0147,-37.2064,71.51,94,75,11.5
354,Cacule,BR,2021-07-20 22:13:31,-14.5033,-42.2222,76.82,46,39,10.33
355,Hauterive,FR,2021-07-20 22:16:19,46.0901,3.4459,66.96,82,0,4.74
356,Huanren,CN,2021-07-20 22:16:19,41.2647,125.3667,71.89,95,41,0.92
357,Bud,US,2021-07-20 22:16:20,39.447,-86.1758,85.19,53,21,7.7
358,George Town,MY,2021-07-20 22:16:20,5.4112,100.3354,80.89,85,20,1.01
359,Matamoros,MX,2021-07-20 22:16:20,25.5333,-103.25,93.31,40,75,0.0
360,Agua Verde,MX,2021-07-20 22:16:21,22.9,-106.05,89.69,65,6,8.46
361,Davila,PH,2021-07-20 22:16:21,18.4726,120.5763,79.34,88,100,15.21
362,Rorvik,NO,2021-07-20 22:16:21,64.8621,11.2373,53.56,75,100,15.26
363,Ostersund,SE,2021-07-20 22:16:22,63.1792,14.6357,48.65,81,40,17.27
364,Mushie,CD,2021-07-20 22:16:22,-3.0167,16.9,77.9,31,39,2.53
365,Skjervoy,NO,2021-07-20 22:16:22,70.0311,20.9714,46.62,87,100,33.35
366,Cotorra,CO,2021-07-20 22:16:23,9.0389,-75.7897,88.25,72,21,4.12
367,Huangnihe,CN,2021-07-20 22:16:23,43.5583,128.0239,70.9,93,100,0.31
368,Walvis Bay,NA,2021-07-20 22:16:23,-22.9575,14.5053,56.08,82,0,4.61
369,Haines Junction,CA,2021-07-20 22:16:24,60.7522,-137.5108,75.15,41,57,3.44
370,Yatou,CN,2021-07-20 22:16:24,37.15,122.3833,76.1,85,70,2.48
371,Biak,ID,2021-07-20 22:16:24,-0.9131,122.8766,74.17,89,68,6.46
372,Tual,ID,2021-07-20 22:16:25,-5.6667,132.75,80.51,79,67,20.8
373,Yagodnoye,RU,2021-07-20 22:16:25,62.55,149.6667,74.12,43,84,1.32
374,Maniitsoq,GL,2021-07-20 22:16:25,65.4167,-52.9,43.97,84,90,6.62
375,Praia Da Vitoria,PT,2021-07-20 22:16:26,38.7333,-27.0667,71.85,78,40,13.85
376,Paso De Carrasco,UY,2021-07-20 22:13:28,-34.8603,-56.0522,53.74,50,0,10.36
377,Keti Bandar,PK,2021-07-20 22:16:26,24.1447,67.4497,83.39,85,99,25.12
378,Bosaso,SO,2021-07-20 22:16:26,11.2842,49.1816,90.77,40,47,21.16
379,Golfito,CR,2021-07-20 22:16:27,8.639,-83.166,84.25,80,47,3.71
380,Qasigiannguit,GL,2021-07-20 22:16:27,68.8193,-51.1922,53.85,71,85,4.54
381,Mackay,AU,2021-07-20 22:16:27,-21.15,149.2,59.63,46,1,9.89
382,Bulungu,CD,2021-07-20 22:16:28,-4.55,18.6,74.21,30,42,1.34
383,Fez,MA,2021-07-20 22:12:02,34.0372,-4.9998,77.25,43,0,4.61
384,Borogontsy,RU,2021-07-20 22:12:15,62.6683,131.1683,62.67,78,100,7.05
385,Rawah,IQ,2021-07-20 22:16:28,34.4816,41.9093,96.1,22,0,14.12
386,Dwarka,IN,2021-07-20 22:16:29,22.2394,68.9678,82.9,84,97,27.31
387,Gardony,HU,2021-07-20 22:16:29,47.2094,18.6361,65.68,61,21,12.53
388,Souris,CA,2021-07-20 22:16:29,49.6172,-100.2612,67.86,54,100,13.8
389,Pozo Colorado,PY,2021-07-20 22:16:30,-23.4923,-58.7972,55.33,36,100,4.12
390,Dossor,KZ,2021-07-20 22:16:30,47.5272,52.9811,88.43,31,79,7.7
391,Port Hedland,AU,2021-07-20 22:16:30,-20.3167,118.5667,62.65,94,37,8.05
392,Santa Isabel Do Rio Negro,BR,2021-07-20 22:16:31,-0.4139,-65.0192,77.05,93,90,1.54
393,Culebra,PR,2021-07-20 22:16:31,18.303,-65.301,86.09,76,45,16.4
394,Terralba,IT,2021-07-20 22:16:31,39.7192,8.6392,79.9,80,28,2.68
395,Vancouver,CA,2021-07-20 22:15:05,49.2497,-123.1193,78.1,52,16,5.99
396,Riyadh,SA,2021-07-20 22:16:32,24.6877,46.7219,93.34,25,100,2.62
397,Ahipara,NZ,2021-07-20 22:16:32,-35.1667,173.1667,56.26,92,100,14.0
398,Tonantins,BR,2021-07-20 22:16:32,-2.8731,-67.8022,76.01,86,83,1.41
399,Moose Factory,CA,2021-07-20 22:16:33,51.2585,-80.6094,66.2,63,1,10.36
400,Sharjah,AE,2021-07-20 22:16:33,25.3573,55.4033,97.25,54,20,1.14
401,San Patricio,US,2021-07-20 22:16:33,28.017,-97.5169,93.02,49,88,6.87
402,Stokmarknes,NO,2021-07-20 22:16:34,68.5646,14.9108,50.49,83,100,13.09
403,Chojnice,PL,2021-07-20 22:16:34,53.6955,17.557,60.22,79,54,6.31
404,Tepalcatepec,MX,2021-07-20 22:16:35,19.1833,-102.85,91.47,44,100,3.11
405,Marzuq,YE,2021-07-20 22:16:35,14.4,46.4667,76.71,66,78,3.42
406,Taltal,CL,2021-07-20 22:16:35,-25.4,-70.4833,59.68,71,17,5.1
407,De-Kastri,RU,2021-07-20 22:16:35,51.4667,140.7833,65.16,78,100,6.35
408,Jabinyanah,TN,2021-07-20 22:16:36,35.035,10.9081,80.4,69,0,3.53
409,Udachnyy,RU,2021-07-20 22:16:36,66.4167,112.4,64.74,61,89,6.49
410,Merke,KZ,2021-07-20 22:16:36,42.8728,73.1786,75.15,34,65,9.53
411,Vila Do Maio,CV,2021-07-20 22:16:37,15.1333,-23.2167,77.79,85,31,6.06
412,Monduli,TZ,2021-07-20 22:16:37,-3.3,36.45,58.32,76,5,11.18
413,Canutama,BR,2021-07-20 22:16:37,-6.5339,-64.3831,83.08,50,0,1.79
414,Kiama,AU,2021-07-20 22:16:38,-34.6833,150.8667,51.39,59,95,8.01
415,Lagos,NG,2021-07-20 22:15:00,6.5833,3.75,75.81,89,100,5.35
416,Sale,MA,2021-07-20 22:16:38,34.0389,-6.8166,68.76,82,75,0.0
417,Vila Franca Do Campo,PT,2021-07-20 22:16:39,37.7167,-25.4333,70.21,93,99,12.93
418,Townsville,AU,2021-07-20 22:16:39,-19.25,146.8,65.28,34,5,9.22
419,Dabakala,CI,2021-07-20 22:16:39,8.3667,-4.4333,74.64,87,99,5.37
420,Sept-Iles,CA,2021-07-20 22:16:40,50.2001,-66.3821,67.24,70,75,4.0
421,Rabat,MA,2021-07-20 22:16:40,33.9911,-6.8401,68.16,83,75,0.0
422,Kilindoni,TZ,2021-07-20 22:16:40,-7.9139,39.6668,76.66,80,37,16.55
423,Tuatapere,NZ,2021-07-20 22:16:41,-46.1333,167.6833,43.83,85,100,5.79
424,Porto Novo,BJ,2021-07-20 22:16:41,6.4965,2.6036,78.62,82,58,8.1
425,Srednekolymsk,RU,2021-07-20 22:16:41,67.45,153.6833,67.21,67,63,11.88
426,Kailua,US,2021-07-20 22:16:42,21.4022,-157.7394,84.15,68,40,17.27
427,Fair Lawn,US,2021-07-20 22:16:42,40.9404,-74.1318,88.66,60,90,1.01
428,Tayginka,RU,2021-07-20 22:16:42,55.6244,60.5076,67.15,68,25,7.9
429,Gorontalo,ID,2021-07-20 22:16:43,0.5412,123.0595,75.09,90,95,1.66
430,Varginha,BR,2021-07-20 22:16:43,-21.5514,-45.4303,55.11,27,94,5.93
431,Mikuni,JP,2021-07-20 22:16:44,36.2171,136.1519,80.51,81,10,3.31
432,Belyy Yar,RU,2021-07-20 22:16:44,53.6039,91.3903,60.69,88,0,0.0
433,Nhulunbuy,AU,2021-07-20 22:16:44,-12.2333,136.7667,74.01,78,40,9.22
434,Merauke,ID,2021-07-20 22:16:45,-8.4667,140.3333,77.59,76,71,14.18
435,Burma,MM,2021-07-20 22:16:45,22.0,98.0,69.28,99,100,1.59
436,Leningradskiy,RU,2021-07-20 22:16:45,69.3833,178.4167,37.54,75,27,9.55
437,Erenhot,CN,2021-07-20 22:16:46,43.6475,111.9767,79.52,46,0,10.67
438,Alta Floresta,BR,2021-07-20 22:16:46,-9.8756,-56.0861,79.75,34,0,2.3
439,Yerbogachen,RU,2021-07-20 22:16:46,61.2767,108.0108,62.15,81,100,2.35
440,Byron Bay,AU,2021-07-20 22:16:47,-28.65,153.6167,56.17,65,1,14.99
441,Auki,SB,2021-07-20 22:15:21,-8.7676,160.7034,80.35,82,87,5.35
442,Eyl,SO,2021-07-20 22:16:47,7.9803,49.8164,76.55,77,6,24.34
443,Megali Panayia,GR,2021-07-20 22:16:48,40.45,23.6833,78.35,54,6,5.3
444,Inzer,RU,2021-07-20 22:16:48,54.2167,57.5556,62.78,95,60,3.98
445,Banda Aceh,ID,2021-07-20 22:16:48,5.5577,95.3222,79.93,77,100,14.63
446,Comodoro Rivadavia,AR,2021-07-20 22:15:01,-45.8667,-67.5,51.66,54,0,9.22
447,Kiruna,SE,2021-07-20 22:16:49,67.8557,20.2251,45.52,61,40,11.5
448,Sola,VU,2021-07-20 22:16:49,-13.8833,167.55,79.79,75,60,8.52
449,Fortuna,US,2021-07-20 22:16:49,40.5982,-124.1573,86.18,76,20,3.0
450,Kimbe,PG,2021-07-20 22:16:50,-5.5502,150.1429,78.55,85,81,4.45
451,Tocopilla,CL,2021-07-20 22:16:07,-22.092,-70.1979,65.37,66,21,4.65
452,Ahmadabad,IN,2021-07-20 22:16:50,23.0333,72.6167,80.64,89,90,8.05
453,Sur,OM,2021-07-20 22:16:50,22.5667,59.5289,90.39,61,77,8.86
454,Panama City,PA,2021-07-20 22:16:51,8.9936,-79.5197,91.17,69,20,16.11
455,Dingle,PH,2021-07-20 22:16:51,10.9995,122.6711,77.76,87,85,11.61
456,Muros,ES,2021-07-20 22:16:51,42.7762,-9.0603,66.7,86,45,6.78
457,Pembroke,CA,2021-07-20 22:16:52,45.8168,-77.1162,64.67,86,95,8.97
458,Oranjestad,AW,2021-07-20 22:16:52,12.524,-70.027,84.15,74,20,28.77
459,Bella Union,UY,2021-07-20 22:16:52,-30.2752,-57.6007,49.06,56,30,4.25
460,Yar-Sale,RU,2021-07-20 22:16:53,66.8333,70.8333,57.15,87,99,9.57
461,Kaeo,NZ,2021-07-20 22:16:53,-35.1,173.7833,58.32,96,100,11.21
462,Santiago,CL,2021-07-20 22:13:57,-33.4569,-70.6483,72.55,22,0,0.0
463,Santa Catalina,PH,2021-07-20 22:16:54,9.3337,122.8637,80.04,86,100,9.95
464,San Vicente,AR,2021-07-20 22:16:54,-26.6167,-54.1333,46.94,63,85,1.97
465,Cockburn Town,TC,2021-07-20 22:16:54,21.4612,-71.1419,84.16,70,40,14.97
466,Taft,IR,2021-07-20 22:16:55,31.7471,54.2088,78.75,13,40,6.91
467,Ixtapa,MX,2021-07-20 22:16:55,20.7,-105.2,89.22,62,20,9.22
468,Kargil,IN,2021-07-20 22:16:55,34.5667,76.1,55.83,63,67,7.09
469,Avera,US,2021-07-20 22:16:56,33.194,-82.5271,78.67,83,99,6.31
470,Honiara,SB,2021-07-20 22:15:21,-9.4333,159.95,82.71,74,56,3.42
471,Kajaani,FI,2021-07-20 22:16:56,64.2273,27.7285,50.05,71,0,10.36
472,Ugoofaaru,MV,2021-07-20 22:16:56,5.6667,73.0,82.76,75,98,13.49
473,Lazaro Cardenas,MX,2021-07-20 22:16:57,17.9583,-102.2,86.02,71,100,8.93
474,Bastia,FR,2021-07-20 22:16:57,42.6667,9.3333,76.3,74,0,2.3
475,Port Keats,AU,2021-07-20 22:16:58,-14.25,129.55,65.01,30,13,8.7
476,Jan Kempdorp,ZA,2021-07-20 22:16:58,-27.9225,24.8305,48.7,37,75,6.17
477,Bontang,ID,2021-07-20 22:13:57,0.1333,117.5,77.04,90,71,5.66
478,Liepaja,LV,2021-07-20 22:16:58,56.5419,21.0367,68.05,77,20,6.91
479,Barghat,IN,2021-07-20 22:16:59,22.0333,79.7167,74.16,91,100,9.91
480,Prince Rupert,CA,2021-07-20 22:12:04,54.3161,-130.3201,60.89,77,90,3.44
481,Mogadishu,SO,2021-07-20 22:13:42,2.0371,45.3438,76.46,86,98,20.74
482,Xichang,CN,2021-07-20 22:16:59,27.8964,102.2634,63.82,91,31,1.3
483,Marawi,PH,2021-07-20 22:17:00,7.9986,124.2928,69.66,87,88,5.37
484,Lufilufi,WS,2021-07-20 22:17:00,-13.8745,-171.5986,85.78,73,92,21.83
485,Clyde River,CA,2021-07-20 22:17:00,70.4692,-68.5914,41.23,93,90,4.61
486,Beira,MZ,2021-07-20 22:17:01,-19.8436,34.8389,66.51,87,0,7.76
487,Tarauaca,BR,2021-07-20 22:17:01,-8.1614,-70.7656,79.92,57,9,1.23
488,Gisborne,NZ,2021-07-20 22:17:01,-38.6533,178.0042,48.94,73,100,6.13
489,Alenquer,BR,2021-07-20 22:17:02,-1.9417,-54.7383,80.94,62,86,1.36
490,Esso,RU,2021-07-20 22:12:16,55.9333,158.7,63.7,73,99,4.74
491,Hurghada,EG,2021-07-20 22:17:02,27.2574,33.8129,91.22,32,4,24.87
492,Jamame,SO,2021-07-20 22:17:03,0.0722,42.7506,75.63,81,29,12.82
493,Saint-Georges,GD,2021-07-20 22:17:03,12.0564,-61.7485,83.88,74,20,20.71
494,Shaowu,CN,2021-07-20 22:16:08,27.3409,117.4831,73.99,96,78,2.24
495,Henties Bay,NA,2021-07-20 22:17:03,-22.116,14.2845,55.85,91,0,7.02
496,Banjar,ID,2021-07-20 22:17:04,-8.19,114.9675,78.66,90,69,5.32
497,Oktyabrskiy,RU,2021-07-20 22:17:04,54.4815,53.471,65.62,95,99,5.73
498,Vaxjo,SE,2021-07-20 22:17:04,56.8777,14.8091,59.05,82,96,5.75
499,Ibra,OM,2021-07-20 22:17:05,22.6906,58.5334,85.3,60,58,5.06
500,Posevnaya,RU,2021-07-20 22:17:05,54.3006,83.3297,54.05,87,88,6.2
501,Pathankot,IN,2021-07-20 22:17:05,32.2833,75.65,77.22,89,20,1.25
502,Laguna,US,2021-07-20 22:17:06,38.421,-121.4238,104.14,31,1,5.01
503,Banmankhi,IN,2021-07-20 22:17:06,25.8833,87.1833,80.17,83,100,4.36
504,Surgut,RU,2021-07-20 22:17:07,61.25,73.4167,62.78,100,0,4.47
505,Vlotho,DE,2021-07-20 22:17:07,52.1653,8.86,64.31,72,90,2.3
506,Neuquen,AR,2021-07-20 22:12:49,-38.9516,-68.0591,55.29,71,0,0.0
507,Dukat,RU,2021-07-20 22:17:08,62.55,155.55,68.0,39,61,1.63
508,Druzhba,UA,2021-07-20 22:17:08,52.0428,33.9453,68.65,68,94,6.08
509,Sao Gabriel,BR,2021-07-20 22:17:08,-30.3364,-54.32,47.1,71,57,2.8
510,Krasnokamensk,RU,2021-07-20 22:17:09,50.0979,118.0369,68.92,87,100,2.77
511,Los Llanos De Aridane,ES,2021-07-20 22:17:09,28.6585,-17.9182,67.75,91,75,17.27
512,Shubarshi,KZ,2021-07-20 22:17:09,48.5872,57.1869,80.65,29,27,11.72
513,Deputatskiy,RU,2021-07-20 22:17:10,69.3,139.9,51.51,79,100,11.45
514,Batemans Bay,AU,2021-07-20 22:17:10,-35.7167,150.1833,50.92,57,29,14.18
515,Tall Kayf,TR,2021-07-20 22:17:10,37.0833,41.0667,90.19,22,0,10.87
516,Camocim,BR,2021-07-20 22:17:11,-2.9022,-40.8411,80.4,78,30,15.86
517,San Cristobal,VE,2021-07-20 22:17:11,7.7669,-72.225,80.78,61,5,6.26
518,Miri,MY,2021-07-20 22:17:11,4.4148,114.0089,75.34,100,20,2.3
519,Ferme-Neuve,CA,2021-07-20 22:17:12,46.7001,-75.4493,58.78,97,99,3.36
520,Harper,LR,2021-07-20 22:17:12,4.375,-7.7169,76.64,73,25,8.32
521,Pucallpa,PE,2021-07-20 22:17:12,-8.3791,-74.5539,80.64,54,20,4.61
522,High Prairie,CA,2021-07-20 22:17:13,55.4334,-116.4858,63.7,53,62,8.55
523,Lucea,JM,2021-07-20 22:17:13,18.451,-78.1736,89.46,77,40,16.71
524,Miles City,US,2021-07-20 22:17:13,46.4083,-105.8406,92.37,31,1,18.41
525,Susangerd,IR,2021-07-20 22:17:14,31.5608,48.1831,95.02,38,6,9.98
526,Samarai,PG,2021-07-20 22:17:14,-10.6167,150.6667,78.57,82,98,15.21
527,Vung Tau,VN,2021-07-20 22:17:14,10.346,107.0843,79.63,85,97,12.41
528,Poronaysk,RU,2021-07-20 22:17:15,49.2167,143.1167,59.23,86,100,5.1
529,Puerto Del Rosario,ES,2021-07-20 22:17:15,28.5004,-13.8627,71.35,73,20,20.71
530,Omboue,GA,2021-07-20 22:17:15,-1.5746,9.2618,73.26,84,20,8.08
531,Sobolevo,RU,2021-07-20 22:17:16,54.4299,31.8996,61.54,60,100,5.46
532,Miyako,JP,2021-07-20 22:17:16,39.6367,141.9525,77.31,82,66,2.84
533,Payson,US,2021-07-20 22:17:16,40.0444,-111.7321,95.0,28,1,1.99
534,Manoel Urbano,BR,2021-07-20 22:17:17,-8.8389,-69.2597,80.33,52,9,1.01
535,Bida,NG,2021-07-20 22:17:17,9.0833,6.0167,74.43,92,92,3.58
